Session,Mean SCR Amplitude
session-1,0.10655827394717943
session-2,0.06117458438895388
session-3,0.06770865171466973
session-4,0.12582734600140374
session-5,0.09755412234984247
session-5c,0.08606710605245121
